{"cameraMode":{"drawMode":0,"name":"Shaded","section":"Shading Mode"},"sceneLighting":true,"audioPlay":false,"sceneViewState":{"showFog":true,"showMaterialUpdate":false,"showSkybox":true,"showFlares":true,"showImageEffects":true,"showParticleSystems":true},"in2DMode":false,"pivot":{"x":9.175984382629395,"y":11.228750228881836,"z":-5.348371982574463},"rotation":{"x":-0.139902725815773,"y":0.8289614319801331,"z":-0.48615002632141116,"w":-0.2385547012090683},"size":30.493289947509767,"orthographic":false}