{"cameraMode":{"drawMode":0,"name":"Shaded","section":"Shading Mode"},"sceneLighting":true,"audioPlay":false,"sceneViewState":{"showFog":true,"showMaterialUpdate":false,"showSkybox":true,"showFlares":true,"showImageEffects":true,"showParticleSystems":true},"in2DMode":false,"pivot":{"x":54.99921417236328,"y":-110.86082458496094,"z":67.92344665527344},"rotation":{"x":0.385962575674057,"y":0.44129815697669985,"z":-0.2183205485343933,"w":0.780144214630127},"size":222.86427307128907,"orthographic":false}